Rk,Squad,MP,W,D,L,GF,GA,GD,Pts,Pts/MP,xG,xGA,xGD,xGD/90,Poss_x,Touches_Touches,Touches_Def Pen,Touches_Def 3rd,Touches_Mid 3rd,Touches_Att 3rd,Touches_Att Pen,Touches_Live,Take-Ons_Att,Take-Ons_Succ,Take-Ons_Succ%,Take-Ons_Tkld,Take-Ons_Tkld%,Carries_Carries,Carries_TotDist,Carries_PrgDist,Carries_PrgC,Carries_1/3,Carries_CPA,Carries_Mis,Carries_Dis,Receiving_Rec,Receiving_PrgR,Age,Performance_Gls,Performance_Ast,Performance_G+A,Performance_G-PK,Performance_PK,Performance_PKatt,Performance_CrdY,Performance_CrdR,Expected_xG_x,Expected_npxG_x,Expected_xAG,Expected_npxG+xAG,Progression_PrgC,Progression_PrgP,Standard_Gls,Standard_Sh,Standard_SoT,Standard_SoT%,Standard_Sh/90,Standard_SoT/90,Standard_G/Sh,Standard_G/SoT,Standard_Dist,Standard_FK,Standard_PK,Standard_PKatt,Expected_xG_y,Expected_npxG_y,Expected_npxG/Sh,Expected_G-xG,Expected_np:G-xG,Total_Cmp,Total_Att,Total_Cmp%,Total_TotDist,Total_PrgDist,Short_Cmp,Short_Att,Short_Cmp%,Medium_Cmp,Medium_Att,Medium_Cmp%,Long_Cmp,Long_Att,Long_Cmp%,Ast,xAG,Expected_xA,Expected_A-xAG,KP,1/3,PPA,CrsPA,PrgP,SCA_SCA,SCA_SCA90,SCA Types_PassLive,SCA Types_PassDead,SCA Types_TO,SCA Types_Sh,SCA Types_Fld,SCA Types_Def,GCA_GCA,GCA_GCA90,GCA Types_PassLive,GCA Types_PassDead,GCA Types_TO,GCA Types_Sh,GCA Types_Fld,GCA Types_Def,Tackles_Tkl,Tackles_TklW,Tackles_Def 3rd,Tackles_Mid 3rd,Tackles_Att 3rd,Challenges_Tkl,Challenges_Att,Challenges_Tkl%,Challenges_Lost,Blocks_Blocks,Blocks_Sh,Blocks_Pass,Int,Tkl+Int,Clr,Err,League
1,Arsenal,34,24,5,5,82,26,56,77,2.26,67.4,24.0,43.4,1.28,58.9,24008,1735,6047,10407,7713,1313,23999,598,249,41.6,272,45.5,14853,73219,37539,752,498,292,472,335,17259,1890,25.7,78,55,133,69,9,9,55,2,67.4,60.5,48.1,108.6,752,1905,78,577,188,32.6,16.97,5.53,0.12,0.37,16.0,5,9,9,67.4,60.5,0.11,10.6,8.5,17415,20519,84.9,282574,92438,8803,9630,91.4,7198,8066,89.2,1059,1949,54.3,55,48.1,51.2,6.9,455,1418,488,63,1905,1055,31.03,828,73,51,57,29,17,137,4.03,92,15,8,10,12,0,535,309,218,221,96,242,468,51.7,226,366,92,274,253,788,455,17,EPL
2,Manchester City,33,23,7,3,80,32,48,76,2.3,68.4,31.2,37.3,1.13,65.8,27346,1874,6150,12321,9057,1287,27340,645,341,52.9,239,37.1,17924,93533,51821,1017,771,365,393,298,21141,1792,27.3,78,57,135,73,5,6,50,2,68.4,63.9,52.6,116.5,1017,1816,78,604,225,37.3,18.3,6.82,0.12,0.32,17.1,22,5,6,68.4,63.9,0.11,9.6,9.1,21381,24163,88.5,344807,97648,11037,11762,93.8,8343,9102,91.7,1462,2214,66.0,57,52.6,54.2,4.4,482,1663,430,60,1816,1113,33.73,874,60,58,62,44,15,138,4.18,101,4,12,10,9,2,438,264,157,191,90,193,388,49.7,195,292,69,223,198,636,413,16,EPL
3,Liverpool,34,22,8,4,75,34,41,74,2.18,76.5,40.2,36.3,1.07,61.4,25816,1966,6693,12389,6959,1233,25807,672,299,44.5,303,45.1,16145,83734,43822,824,635,259,529,364,18106,1859,27.1,71,54,125,65,6,9,64,5,76.5,69.2,55.9,125.1,824,1876,71,678,223,32.9,19.94,6.56,0.1,0.29,17.5,17,6,9,76.5,69.2,0.1,-5.5,-4.2,18241,21878,83.4,311765,105991,8568,9466,90.5,7820,8856,88.3,1469,2552,57.6,54,55.9,48.1,-1.9,516,1479,439,68,1876,1206,35.47,910,100,59,85,39,13,116,3.41,88,7,8,7,6,0,590,363,236,252,102,298,676,44.1,378,433,96,337,260,850,529,15,EPL
4,Aston Villa,34,20,6,8,71,50,21,66,1.94,58.2,51.6,6.6,0.19,54.5,20997,2474,7209,8856,5122,939,20993,684,313,45.8,283,41.4,13185,71894,37699,718,458,203,426,372,14452,1357,27.6,68,51,119,64,4,4,85,2,58.2,55.1,43.8,98.9,718,1368,68,473,170,35.9,13.91,5.0,0.14,0.38,16.1,15,4,4,58.2,55.1,0.12,9.8,8.9,14732,17664,83.4,257028,87267,6491,7204,90.1,6741,7559,89.2,1220,2146,56.8,51,43.8,39.0,7.2,367,1098,343,65,1368,849,24.97,629,70,42,67,28,13,123,3.62,88,8,6,10,8,3,496,284,240,192,64,242,497,48.7,255,351,97,254,219,715,534,10,EPL
5,Tottenham,32,18,6,8,65,49,16,60,1.88,55.5,52.9,2.6,0.08,61.5,24069,2375,7221,10360,6709,1122,24068,698,312,44.7,309,44.3,15183,78239,39544,814,522,295,473,303,17203,1751,25.9,60,51,111,59,1,1,79,4,55.5,54.7,47.4,102.2,814,1758,60,489,174,35.6,15.28,5.44,0.12,0.34,16.5,9,1,1,55.5,54.7,0.11,4.5,4.3,17344,20348,85.2,273777,93929,8942,9772,91.5,6994,7824,89.4,926,1619,57.2,51,47.4,45.3,3.6,388,1352,385,51,1758,887,27.72,684,52,54,52,25,20,106,3.31,83,7,6,4,2,4,623,390,298,219,106,316,603,52.4,287,382,114,268,303,926,630,20,EPL
6,Manchester Utd,33,16,5,12,51,50,1,53,1.61,50.2,59.8,-9.6,-0.29,50.7,20885,2548,7098,8540,5425,891,20878,602,264,43.9,267,44.4,12131,65180,34450,649,452,236,425,283,13561,1295,26.9,51,33,84,45,6,7,75,1,50.2,44.7,35.2,79.8,649,1307,51,467,156,33.4,14.15,4.73,0.1,0.29,17.3,14,6,7,50.2,44.7,0.1,0.8,0.3,13723,17021,80.6,227636,79372,6790,7640,88.9,5202,6081,85.5,1216,2219,54.8,33,35.2,30.6,-2.2,370,1049,295,45,1307,845,25.61,631,68,48,47,34,17,87,2.64,59,4,7,7,6,4,582,350,281,209,92,297,622,47.7,325,470,181,289,269,851,775,10,EPL
7,Newcastle Utd,33,15,5,13,69,54,15,50,1.52,61.8,54.9,6.8,0.21,51.9,20769,2145,7066,8844,5050,904,20762,625,300,48.0,251,40.2,11674,62907,31358,618,429,200,442,347,13803,1306,28.0,68,44,112,61,7,7,67,1,61.8,56.2,40.8,97.0,618,1314,68,450,159,35.3,13.64,4.82,0.14,0.38,15.6,6,7,7,61.8,56.2,0.13,6.2,4.8,13910,17153,81.1,237132,82924,6617,7428,89.1,5785,6684,86.5,1198,2203,54.4,44,40.8,35.9,3.2,349,929,325,66,1314,809,24.52,583,55,62,58,38,13,116,3.52,68,6,17,11,11,3,578,340,277,230,71,257,600,42.8,343,434,129,305,244,822,606,14,EPL
8,West Ham,34,13,9,12,54,63,-9,48,1.41,47.2,63.0,-15.8,-0.46,41.6,18943,2300,6483,8373,4286,672,18937,670,311,46.4,292,43.6,10142,54799,26056,498,337,151,474,352,11312,1097,29.0,52,37,89,48,4,5,77,3,47.2,43.3,31.5,74.8,498,1112,52,394,126,32.0,11.59,3.71,0.12,0.38,16.2,14,4,5,47.2,43.3,0.11,4.8,4.7,11412,14879,76.7,198146,77408,5505,6245,88.2,4375,5230,83.7,1178,2422,48.6,37,31.5,27.9,5.5,273,908,202,64,1112,694,20.41,466,78,49,38,41,22,93,2.74,62,9,8,7,4,3,616,387,310,231,75,280,537,52.1,257,445,158,287,331,947,808,9,EPL
9,Chelsea,32,13,8,11,61,57,4,47,1.47,62.3,49.5,12.9,0.4,58.7,23417,2513,7844,10237,5560,878,23405,712,319,44.8,307,43.1,14372,72653,37589,729,467,234,529,317,16792,1349,25.0,60,39,99,49,11,12,96,3,62.3,52.9,42.0,95.0,729,1364,60,433,154,35.6,13.53,4.81,0.11,0.32,17.2,15,11,12,62.3,52.9,0.12,-2.3,-3.9,16905,19792,85.4,277050,92144,8443,9202,91.8,6857,7626,89.9,1171,1982,59.1,39,42.0,35.5,-3.0,337,1132,306,45,1364,791,24.72,595,48,55,37,35,21,107,3.34,71,6,9,7,11,3,554,316,274,198,82,270,523,51.6,253,387,143,244,253,807,629,23,EPL
10,Bournemouth,34,12,9,13,49,60,-11,45,1.32,50.7,51.7,-1.0,-0.03,44.8,18757,2216,6164,7714,5117,936,18754,784,351,44.8,363,46.3,9967,59845,31259,642,462,217,579,351,10694,1183,26.5,48,35,83,46,2,3,69,3,50.7,48.3,36.4,84.7,642,1199,48,482,158,32.8,14.18,4.65,0.1,0.29,16.7,16,2,3,50.7,48.3,0.1,-2.7,-2.3,10805,14462,74.7,200422,75254,4501,5312,84.7,4804,5674,84.7,1256,2675,47.0,35,36.4,30.5,-1.4,371,975,317,81,1199,854,25.12,632,62,59,49,30,22,76,2.24,56,3,5,5,3,4,634,372,282,257,95,295,609,48.4,314,440,129,311,314,948,736,13,EPL
11,Brighton,33,11,11,11,52,54,-2,44,1.33,49.0,48.4,0.6,0.02,60.5,25716,2821,8246,11687,5954,944,25711,628,260,41.4,286,45.5,16814,81826,42954,745,506,235,504,308,19128,1584,26.8,47,35,82,42,5,5,79,3,49.0,45.4,35.9,81.3,745,1596,47,484,182,37.6,14.67,5.52,0.09,0.23,16.8,11,5,5,49.0,45.4,0.1,-2.0,-3.4,19341,22164,87.3,303312,100580,10200,10997,92.8,7372,8134,90.6,1160,1910,60.7,35,35.9,36.9,-0.9,373,1317,336,67,1596,878,26.61,650,76,47,62,34,9,85,2.58,57,5,9,7,6,1,540,309,245,212,83,255,557,45.8,302,378,121,257,257,797,519,20,EPL
12,Wolves,34,12,7,15,46,54,-8,43,1.26,43.1,56.4,-13.2,-0.39,48.9,20995,2510,7693,9122,4419,682,20991,733,370,50.5,286,39.0,11885,64841,33560,618,475,153,489,340,13667,1054,27.4,43,34,77,39,4,4,91,3,43.1,40.0,29.5,69.5,618,1071,43,392,137,34.9,11.53,4.03,0.1,0.28,16.7,11,4,4,43.1,40.0,0.11,-0.1,-1.0,13785,17106,80.6,227237,75723,6913,7719,89.6,5366,6203,86.5,1087,2240,48.5,34,29.5,26.0,4.5,295,826,226,58,1071,684,20.12,480,60,49,44,37,14,75,2.21,46,7,7,6,7,2,652,383,368,216,68,277,536,51.7,259,455,154,301,260,912,763,15,EPL
13,Fulham,34,12,6,16,50,54,-4,42,1.24,47.2,56.1,-8.9,-0.26,50.9,21926,2386,7500,9484,5148,778,21924,510,252,49.4,216,42.4,12691,66789,33887,604,462,131,473,294,14622,1340,29.2,49,35,84,47,2,2,76,3,47.2,45.6,34.8,80.4,604,1353,49,458,161,35.2,13.47,4.74,0.1,0.29,16.9,12,2,2,47.2,45.6,0.1,1.8,1.4,14739,18250,80.8,262467,90110,6375,7164,89.0,6551,7507,87.3,1453,2588,56.1,35,34.8,31.4,0.2,347,1023,332,88,1353,801,23.56,592,74,36,64,21,14,85,2.5,65,5,4,8,2,1,593,340,293,227,73,305,606,50.3,301,391,105,286,346,939,653,13,EPL
14,Crystal Palace,34,10,9,15,44,56,-12,39,1.15,40.8,48.1,-7.4,-0.22,41.9,18967,2147,6602,8126,4426,686,18963,645,301,46.7,274,42.5,9659,48734,23522,437,327,144,545,391,11263,1002,27.6,43,33,76,39,4,4,65,1,40.8,37.6,32.3,69.9,437,1017,43,392,136,34.7,11.53,4.0,0.1,0.29,17.3,20,4,4,40.8,37.6,0.1,2.2,1.4,11359,14820,76.6,199488,75500,5255,6054,86.8,4761,5610,84.9,1068,2336,45.7,33,32.3,27.1,0.7,305,880,233,53,1017,691,20.32,475,68,40,46,43,19,79,2.32,67,2,3,1,6,0,707,409,352,259,96,306,559,54.7,253,413,116,297,291,998,855,6,EPL
15,Brentford,34,9,8,17,52,59,-7,35,1.03,54.5,49.8,4.7,0.14,44.2,18781,2570,7042,7301,4592,889,18778,509,213,41.8,235,46.2,9471,48643,24829,434,301,136,494,241,10869,1137,27.4,50,34,84,47,3,3,80,2,54.5,52.4,39.5,91.9,434,1144,50,432,144,33.3,12.71,4.24,0.11,0.33,15.6,16,3,3,54.5,52.4,0.13,-4.5,-5.4,10988,14810,74.2,198678,78145,4888,5797,84.3,4570,5637,81.1,1246,2503,49.8,34,39.5,37.1,-5.5,300,854,301,96,1144,732,21.53,508,90,30,52,40,12,73,2.15,50,6,3,8,6,0,618,368,323,225,70,294,641,45.9,347,414,124,290,338,956,825,15,EPL
16,Everton,34,11,8,15,36,48,-12,35,1.03,48.8,50.0,-1.2,-0.04,40.1,17783,2250,5988,7242,4736,733,17781,510,229,44.9,238,46.7,8639,46402,23166,453,350,115,508,290,9887,1013,27.7,36,16,52,35,1,2,74,1,48.8,47.2,34.6,81.8,453,1023,36,457,141,30.9,13.44,4.15,0.08,0.25,16.5,11,1,2,48.8,47.2,0.11,-12.8,-12.2,9975,13718,72.7,184046,78601,4548,5353,85.0,3862,4789,80.6,1310,2730,48.0,16,34.6,27.5,-18.6,309,837,260,72,1023,772,22.71,532,79,28,70,36,27,52,1.53,28,5,0,13,3,3,659,389,325,230,104,306,635,48.2,329,425,152,273,335,994,775,10,EPL
17,Nott'ham Forest,34,7,9,18,42,60,-18,26,0.76,43.3,47.4,-4.0,-0.12,41.2,18230,2263,6691,7515,4213,691,18229,558,252,45.2,249,44.6,9243,49199,26009,522,348,136,482,256,10698,1005,26.4,42,36,78,41,1,1,79,3,43.3,42.5,32.8,75.3,522,1023,42,389,127,32.6,11.44,3.74,0.11,0.32,17.3,6,1,1,43.3,42.5,0.11,-1.3,-1.5,10776,14221,75.8,190464,74905,4991,5810,85.9,4345,5344,81.3,1139,2249,50.6,36,32.8,23.8,3.2,275,819,214,52,1023,670,19.71,487,56,42,47,26,12,77,2.26,60,4,7,2,2,2,641,371,385,191,65,278,525,53.0,247,445,149,296,293,934,877,11,EPL
18,Luton Town,34,6,7,21,47,75,-28,25,0.74,38.7,71.1,-32.4,-0.95,42.2,17541,2368,6323,6986,4449,701,17537,693,318,45.9,295,42.6,8994,54019,26730,609,430,158,518,337,9626,957,27.5,44,30,74,40,4,4,61,0,38.7,35.7,27.2,62.8,609,975,44,382,117,30.6,11.24,3.44,0.1,0.34,16.1,9,4,4,38.7,35.7,0.1,5.3,4.3,9750,13440,72.5,177124,71994,4435,5174,85.7,3853,4750,81.1,1142,2587,44.1,30,27.2,25.7,2.8,284,727,217,76,975,667,19.62,452,66,51,50,36,12,71,2.09,40,7,6,14,4,0,580,328,304,203,73,263,555,47.4,292,443,166,277,298,878,834,18,EPL
19,Burnley,34,5,8,21,37,69,-32,23,0.68,35.7,59.8,-24.2,-0.71,46.9,19733,2578,7247,8155,4501,720,19731,632,275,43.5,290,45.9,10931,59339,31074,625,399,203,460,266,12205,1017,25.2,36,27,63,34,2,2,66,7,35.7,34.1,26.3,60.4,625,1033,36,371,120,32.3,10.91,3.53,0.09,0.28,17.5,11,2,2,35.7,34.1,0.09,0.3,-0.1,12342,15966,77.3,217319,73718,5592,6450,86.7,5310,6221,85.4,1164,2458,47.4,27,26.3,24.0,0.7,279,830,195,51,1033,654,19.24,464,70,47,39,27,7,68,2.0,52,5,7,2,2,0,546,306,250,225,71,258,537,48.0,279,429,148,281,238,784,757,19,EPL
20,Sheffield Utd,34,3,7,24,33,92,-59,16,0.47,33.1,66.6,-33.6,-0.99,35.3,15896,2539,6388,6290,3374,581,15892,513,224,43.7,249,48.5,7290,37796,17543,296,251,109,440,281,8218,754,26.5,29,17,46,25,4,4,95,4,33.1,30.0,21.8,51.8,296,761,29,310,107,34.5,9.12,3.15,0.08,0.23,17.4,7,4,4,33.1,30.0,0.1,-4.1,-5.0,8284,11888,69.7,147696,62649,3935,4718,83.4,3191,4069,78.4,922,2344,39.3,17,21.8,17.9,-4.8,216,609,171,41,761,511,15.03,358,53,30,41,20,9,44,1.29,29,2,4,6,2,1,648,371,348,222,78,272,582,46.7,310,460,160,300,311,959,969,18,EPL
1,Leverkusen,30,25,5,0,75,20,55,80,2.67,62.8,24.8,38.0,1.27,62.5,25049,1470,5158,12753,7336,1044,25044,657,316,48.1,293,44.6,15057,77664,41816,800,609,216,437,293,18997,1763,27.0,73,61,134,68,5,5,54,0,62.8,59.2,48.6,107.9,800,1778,73,542,205,37.8,18.07,6.83,0.13,0.33,17.4,18,5,5,62.8,59.2,0.11,10.2,8.8,19121,21888,87.4,289563,95162,10955,11805,92.8,6532,7251,90.1,1103,1731,63.7,61,48.6,60.1,12.4,437,1532,412,63,1778,986,32.87,751,68,74,46,39,8,134,4.47,97,11,13,7,6,0,408,248,160,167,81,171,353,48.4,182,296,61,235,203,611,403,9,Bundesliga
2,Bayern Munich,30,21,3,6,87,37,50,66,2.2,78.3,27.9,50.4,1.68,62.4,23768,1792,6116,11075,6806,1127,23765,832,443,53.2,338,40.6,14755,84351,45316,874,648,259,416,318,17696,1770,28.2,86,66,152,83,3,3,44,2,78.3,76.1,60.9,137.0,874,1784,86,588,213,36.2,19.6,7.1,0.14,0.39,15.6,11,3,3,78.3,76.1,0.13,7.7,6.9,17808,20467,87.0,303726,97790,8216,8982,91.5,8012,8749,91.6,1292,1930,66.9,66,60.9,67.1,5.1,467,1432,425,80,1784,1067,35.57,807,81,61,70,33,15,152,5.07,116,9,9,11,4,3,449,280,187,173,89,212,434,48.8,222,332,66,266,260,709,408,14,Bundesliga
3,Stuttgart,30,20,3,7,68,36,32,63,2.1,63.9,33.1,30.9,1.03,59.6,23064,2069,6515,11548,5184,792,23056,605,300,49.6,248,41.0,13498,67814,33743,618,490,164,511,295,16560,1397,25.8,68,52,120,63,5,8,49,1,63.9,57.7,48.0,105.6,618,1410,68,454,175,38.5,15.13,5.83,0.14,0.36,17.4,8,5,8,63.9,57.7,0.13,4.1,5.3,16739,19689,85.0,272873,94893,8245,9022,91.4,6744,7536,89.5,1204,2071,58.1,52,48.0,52.9,4.0,356,1174,312,72,1410,824,27.47,627,48,58,51,26,14,121,4.03,95,2,11,8,4,1,483,281,201,217,65,227,462,49.1,235,339,96,243,243,726,567,11,Bundesliga
4,RB Leipzig,30,18,5,7,69,34,35,59,1.97,59.2,33.7,25.4,0.85,56.6,20955,1721,6133,10203,4814,829,20949,554,276,49.8,212,38.3,12817,63910,34047,641,477,163,433,291,14581,1387,26.4,66,47,113,63,3,6,54,0,59.2,54.5,43.5,98.0,641,1398,66,478,194,40.6,15.93,6.47,0.13,0.32,16.6,17,3,6,59.2,54.5,0.12,6.8,8.5,14655,17666,83.0,253558,86661,6347,7142,88.9,6846,7665,89.3,1148,1983,57.9,47,43.5,47.7,3.5,366,1087,302,66,1398,845,28.17,620,65,54,52,42,12,112,3.73,85,6,8,8,5,0,475,281,203,215,57,211,422,50.0,211,402,80,322,217,692,534,10,Bundesliga
5,Dortmund,30,16,9,5,58,35,23,57,1.9,55.0,44.5,10.5,0.35,56.8,21314,2214,7058,9766,4684,789,21308,618,276,44.7,272,44.0,12634,69315,36009,666,482,197,478,287,14741,1264,27.7,58,43,101,52,6,6,55,4,55.0,50.3,39.0,89.2,666,1277,58,443,158,35.7,14.77,5.27,0.12,0.33,16.9,14,6,6,55.0,50.3,0.12,3.0,1.7,14909,17848,83.5,263201,88653,6591,7358,89.6,6447,7224,89.2,1465,2306,63.5,43,39.0,41.5,4.0,337,1003,264,41,1277,792,26.4,573,63,47,57,39,13,102,3.4,69,7,7,6,9,4,485,318,262,180,43,259,477,54.3,218,382,103,279,229,714,566,11,Bundesliga
6,Eint Frankfurt,30,11,12,7,46,40,6,45,1.5,40.1,44.0,-3.9,-0.13,52.5,20269,2235,7113,9436,3924,702,20267,564,247,43.8,288,51.1,11522,56864,28225,501,351,152,483,263,13238,1148,26.0,43,32,75,42,1,2,65,5,40.1,39.1,29.8,68.9,501,1158,43,337,124,36.8,11.23,4.13,0.12,0.34,16.2,10,1,2,40.1,39.1,0.12,2.9,2.9,13345,16729,79.8,232008,82289,5822,6647,87.6,6183,7126,86.8,1073,2131,50.4,32,29.8,32.9,2.2,247,891,236,48,1158,582,19.4,414,58,36,43,25,6,72,2.4,57,2,2,9,1,1,532,318,254,214,64,264,483,54.7,219,379,87,292,260,792,646,10,Bundesliga
7,Freiburg,30,11,7,12,42,53,-11,40,1.33,43.8,46.1,-2.2,-0.07,45.7,17306,2105,5963,7910,3582,562,17298,450,192,42.7,204,45.3,9352,51065,25317,408,325,79,407,211,10626,1032,27.7,41,30,71,34,7,8,54,3,43.8,37.6,29.0,66.6,408,1049,41,341,120,35.2,11.37,4.0,0.1,0.28,16.0,6,7,8,43.8,37.6,0.12,-2.8,-3.6,10767,14046,76.7,196324,73246,4512,5305,85.1,4868,5707,85.3,1141,2277,50.1,30,29.0,30.7,1.0,258,796,213,71,1049,622,20.73,467,50,20,46,30,9,73,2.43,47,5,1,10,8,2,476,273,263,154,59,196,410,47.8,214,391,137,254,241,717,643,7,Bundesliga
8,Augsburg,30,10,9,11,48,49,-1,39,1.3,41.2,47.1,-5.9,-0.2,44.6,16183,1867,5586,6868,3893,706,16176,471,211,44.8,222,47.1,8591,45770,22446,412,278,84,483,211,9243,982,26.7,47,33,80,42,5,7,64,3,41.2,35.8,23.5,59.3,412,996,47,375,116,30.9,12.5,3.87,0.11,0.36,17.6,9,5,7,41.2,35.8,0.1,5.8,6.2,9384,12741,73.7,178262,71631,3653,4420,82.6,4344,5306,81.9,1140,2218,51.4,33,23.5,33.3,9.5,260,825,242,76,996,631,21.03,439,69,32,45,35,11,75,2.5,56,6,2,7,4,0,459,275,202,194,63,208,428,48.6,220,387,115,272,259,718,670,7,Bundesliga
9,Hoffenheim,31,11,6,14,55,63,-8,39,1.26,47.2,57.5,-10.3,-0.33,49.1,18877,2398,6402,8389,4220,675,18871,490,187,38.2,248,50.6,10293,52297,26536,479,349,134,437,215,11787,1198,28.5,54,37,91,48,6,6,82,5,47.2,42.6,34.3,76.9,479,1205,54,408,136,33.3,13.16,4.39,0.12,0.35,17.9,16,6,6,47.2,42.6,0.11,6.8,5.4,11905,15227,78.2,215131,85558,5129,5889,87.1,5229,6191,84.5,1264,2361,53.5,37,34.3,36.0,2.7,308,953,256,69,1205,725,23.39,538,61,29,47,38,12,90,2.9,63,3,8,8,6,2,466,273,264,163,39,236,499,47.3,263,383,135,248,328,794,767,12,Bundesliga
10,Heidenheim,30,8,10,12,43,52,-9,34,1.13,35.2,56.0,-20.8,-0.69,41.7,16059,2060,6046,6660,3534,548,16056,459,199,43.4,228,49.7,7890,45643,22640,437,314,76,485,251,8741,858,27.5,39,29,68,37,2,3,49,1,35.2,32.9,24.2,57.1,437,863,39,336,94,28.0,11.2,3.13,0.11,0.39,16.8,11,2,3,35.2,32.9,0.1,3.8,4.1,8834,12459,70.9,176944,75063,3226,4127,78.2,4032,5024,80.3,1357,2493,54.4,29,24.2,26.3,4.8,239,631,173,62,863,563,18.77,370,81,26,46,30,10,67,2.23,45,9,2,5,5,1,546,321,284,207,55,255,555,45.9,300,416,114,302,273,819,681,5,Bundesliga
11,Werder Bremen,30,9,7,14,38,50,-12,34,1.13,39.4,50.5,-11.1,-0.37,46.3,17810,2241,6673,7989,3334,559,17805,493,229,46.5,227,46.0,9868,51306,25679,419,301,95,487,223,11032,990,27.8,36,26,62,32,4,5,70,2,39.4,35.3,29.9,65.2,419,1002,36,338,99,29.3,11.27,3.3,0.09,0.32,17.5,13,4,5,39.4,35.3,0.11,-3.4,-3.3,11133,14331,77.7,207016,80078,4588,5428,84.5,4970,5843,85.1,1362,2335,58.3,26,29.9,31.9,-3.9,266,772,223,70,1002,600,20.0,453,46,32,28,32,9,66,2.2,53,2,3,3,5,0,539,315,272,214,53,281,534,52.6,253,389,135,254,246,785,705,8,Bundesliga
12,M'Gladbach,30,7,10,13,53,60,-7,31,1.03,42.0,48.7,-6.7,-0.22,47.0,18427,2236,6967,7908,3717,639,18422,489,211,43.1,230,47.0,10570,52785,27106,533,376,133,382,287,11739,1100,26.1,52,41,93,48,4,5,61,2,42.0,38.1,32.3,70.3,533,1109,52,402,127,31.6,13.4,4.23,0.12,0.38,17.1,4,4,5,42.0,38.1,0.1,10.0,9.9,11846,14857,79.7,203723,74278,5403,6156,87.8,5092,5900,86.3,1027,1950,52.7,41,32.3,33.9,8.7,334,728,231,75,1109,720,24.0,508,80,40,53,27,12,94,3.13,69,8,4,7,4,2,504,289,259,210,35,248,469,52.9,221,418,155,263,284,788,759,14,Bundesliga
13,Wolfsburg,30,8,7,15,35,50,-15,31,1.03,35.6,40.0,-4.4,-0.15,47.5,17910,1928,6029,8110,3918,577,17907,437,188,43.0,211,48.3,9733,47832,22915,388,277,92,458,229,11325,1081,26.4,35,23,58,33,2,3,80,5,35.6,33.1,26.0,59.1,388,1090,35,360,131,36.4,12.0,4.37,0.09,0.25,17.2,13,2,3,35.6,33.1,0.09,-0.6,-0.1,11423,14568,78.4,203474,76611,5073,5787,87.7,4908,5802,84.6,1151,2157,53.4,23,26.0,34.6,-3.0,276,847,235,65,1090,636,21.2,480,48,30,43,31,4,61,2.03,49,0,2,8,2,0,484,269,240,176,68,230,464,49.6,234,377,95,282,247,731,727,7,Bundesliga
14,Bochum,31,6,12,13,37,62,-25,30,0.97,40.5,55.9,-15.5,-0.5,46.7,16757,1975,5393,7378,4144,705,16753,395,165,41.8,193,48.9,7669,39088,19110,373,267,82,455,256,8798,1050,29.9,36,25,61,32,4,4,93,1,40.5,37.3,27.0,64.3,373,1057,36,476,133,27.9,15.35,4.29,0.07,0.24,18.5,17,4,4,40.5,37.3,0.08,-4.5,-5.3,8915,12960,68.8,169135,77967,3818,4769,80.1,3557,4635,76.7,1269,2698,47.0,25,27.0,29.8,-2.0,334,826,246,81,1057,798,25.74,508,120,32,72,51,15,62,2.0,37,8,2,8,6,1,541,327,234,238,69,262,523,50.1,261,428,129,299,287,828,697,6,Bundesliga
15,Union Berlin,30,8,5,17,26,50,-24,29,0.97,34.2,44.2,-9.9,-0.33,42.9,16779,2062,6304,6981,3668,604,16776,429,186,43.4,218,50.8,8151,41724,21249,346,263,96,495,257,9758,989,28.9,26,18,44,24,2,3,56,7,34.2,31.8,22.1,53.9,346,1003,26,354,107,30.2,11.8,3.57,0.07,0.22,16.1,7,2,3,34.2,31.8,0.09,-8.2,-7.8,9859,13156,74.9,182775,76686,4074,4809,84.7,4288,5174,82.9,1200,2330,51.5,18,22.1,25.3,-4.1,260,764,206,73,1003,614,20.47,430,72,30,45,24,13,48,1.6,31,5,5,2,4,1,487,313,218,211,58,227,456,49.8,229,410,118,292,274,761,740,9,Bundesliga
16,Mainz 05,30,5,12,13,31,48,-17,27,0.9,37.7,39.9,-2.2,-0.07,46.8,17218,1765,5712,7652,4027,716,17213,517,237,45.8,228,44.1,8231,42194,19918,426,286,117,477,250,9840,1032,27.5,30,26,56,29,1,5,87,2,37.7,33.8,26.6,60.4,426,1043,30,424,115,27.1,14.13,3.83,0.07,0.25,17.8,18,1,5,37.7,33.8,0.08,-7.7,-4.8,9947,13633,73.0,181439,72490,4273,5177,82.5,4213,5297,79.5,1171,2378,49.2,26,26.6,30.1,-0.6,309,834,221,69,1043,730,24.33,474,95,43,54,53,11,52,1.73,36,7,4,3,2,0,489,279,212,221,56,233,464,50.2,231,382,101,281,311,800,613,3,Bundesliga
17,Köln,30,4,10,16,23,53,-30,22,0.73,30.5,59.6,-29.0,-0.97,45.0,16951,2061,6370,7145,3652,546,16948,482,228,47.3,213,44.2,9165,50397,25227,532,377,117,425,252,10051,915,26.2,23,15,38,20,3,3,60,4,30.5,28.2,21.3,49.5,532,918,23,368,117,31.8,12.27,3.9,0.05,0.17,17.7,12,3,3,30.5,28.2,0.08,-7.5,-8.2,10210,13426,76.0,182536,69102,4294,5038,85.2,4701,5570,84.4,984,2047,48.1,15,21.3,24.7,-6.3,263,703,176,70,918,649,21.63,456,68,29,47,39,10,37,1.23,19,3,3,7,5,0,548,335,293,208,47,297,576,51.6,279,460,138,322,286,834,687,8,Bundesliga
18,Darmstadt 98,30,3,8,19,30,72,-42,17,0.57,30.3,63.6,-33.2,-1.11,46.5,16938,2155,6323,7236,3509,517,16935,391,169,43.2,198,50.6,8785,45460,23114,378,265,88,419,204,10391,968,27.9,28,21,49,25,3,3,72,4,30.3,28.0,21.1,49.1,378,977,28,371,106,28.6,12.37,3.53,0.07,0.24,19.0,10,3,3,30.3,28.0,0.08,-2.3,-3.0,10486,13657,76.8,200782,77906,4205,4877,86.2,4741,5541,85.6,1348,2550,52.9,21,21.1,26.6,-0.1,277,800,201,61,977,664,22.13,478,63,31,46,30,16,50,1.67,38,3,1,4,3,1,496,286,265,177,54,256,523,48.9,267,361,123,238,281,777,620,16,Bundesliga
1,Real Madrid,33,26,6,1,71,22,49,84,2.55,60.5,29.8,30.7,0.93,58.7,24501,2099,6735,11355,6643,990,24496,769,345,44.9,342,44.5,15796,84287,45148,820,686,267,425,264,18372,1656,28.1,69,52,121,67,2,5,64,4,60.5,56.9,45.6,102.5,820,1666,69,514,205,39.9,15.58,6.21,0.13,0.33,17.5,21,2,5,60.5,56.9,0.11,8.5,10.1,18505,21046,87.9,298924,96397,9833,10476,93.9,6771,7461,90.8,1413,2164,65.3,52,45.6,41.7,6.4,414,1471,340,54,1666,938,28.42,696,66,73,56,33,14,123,3.73,87,8,12,12,2,2,480,325,212,192,76,195,392,49.7,197,349,88,261,261,741,476,12,LaLiga
2,Barcelona,32,21,7,4,64,37,27,70,2.19,66.5,33.4,33.1,1.03,64.1,24054,1920,6324,11787,6131,897,24049,707,328,46.4,288,40.7,14731,81159,45840,830,613,209,515,253,17677,1571,26.7,61,44,105,57,4,5,75,2,66.5,62.7,50.1,112.8,830,1585,61,492,177,36.0,15.37,5.53,0.12,0.32,16.4,17,4,5,66.5,62.7,0.13,-5.5,-5.7,17855,20646,86.5,298205,95342,8823,9584,92.1,7222,7988,90.4,1421,2170,65.5,44,50.1,50.5,-6.1,383,1414,349,76,1585,889,27.78,670,66,53,56,34,10,109,3.41,87,4,5,7,5,1,496,317,238,195,63,211,452,46.7,241,318,84,234,218,714,515,13,LaLiga
3,Girona,32,21,5,6,67,40,27,68,2.13,56.6,43.7,12.9,0.4,57.0,21657,2309,7153,9684,4999,800,21653,646,302,46.7,260,40.2,13576,76817,39398,753,528,188,498,310,15525,1368,26.8,67,51,118,63,4,4,66,1,56.6,53.5,44.2,97.7,753,1379,67,394,150,38.1,12.31,4.69,0.16,0.42,16.2,11,4,4,56.6,53.5,0.14,10.4,9.5,15684,18333,85.6,266824,91162,7439,8068,92.2,6607,7295,90.6,1243,2086,59.6,51,44.2,42.9,6.8,311,1179,300,79,1379,719,22.47,559,52,39,34,26,9,121,3.78,97,5,8,5,5,1,459,292,216,191,52,222,434,51.2,212,328,110,218,221,680,589,18,LaLiga
4,Atlético Madrid,32,19,4,9,59,38,21,61,1.91,54.5,34.7,19.8,0.62,51.3,21065,1983,6606,9721,4904,804,21059,506,270,53.4,199,39.3,12367,62719,33159,654,486,149,461,270,14401,1357,29.9,58,41,99,53,5,6,75,4,54.5,49.9,40.9,90.9,654,1373,58,406,173,42.6,12.69,5.41,0.13,0.31,16.1,9,5,6,54.5,49.9,0.12,3.5,3.1,14509,17613,82.4,237780,85957,7484,8251,90.7,5393,6241,86.4,1186,2096,56.6,41,40.9,38.1,0.1,306,1057,326,64,1373,733,22.91,556,50,52,36,27,12,104,3.25,81,3,9,5,5,1,561,340,259,226,76,280,572,49.0,292,398,97,301,228,789,647,7,LaLiga
5,Athletic Club,32,16,10,6,52,30,22,58,1.81,46.9,32.3,14.6,0.46,49.8,19108,1590,5306,8819,5189,787,19103,610,289,47.4,276,45.2,10481,55669,29041,622,471,172,488,315,11933,1339,28.1,50,34,84,47,3,5,72,3,46.9,43.0,31.8,74.8,622,1348,50,400,145,36.3,12.5,4.53,0.12,0.32,15.7,6,3,5,46.9,43.0,0.11,3.1,4.0,12060,15630,77.2,213779,81139,5461,6333,86.2,5188,6107,85.0,1146,2349,48.8,34,31.8,34.9,2.2,305,998,285,98,1348,712,22.25,530,67,45,30,29,11,89,2.78,72,5,4,3,4,1,504,313,183,231,90,263,542,48.5,279,349,79,270,243,747,516,3,LaLiga
6,Real Sociedad,33,13,12,8,46,35,11,51,1.55,41.4,34.0,7.4,0.22,56.3,20316,1864,5950,9775,4771,690,20312,616,295,47.9,257,41.7,11298,62894,32466,616,413,156,540,309,13062,1241,26.5,44,33,77,40,4,4,86,2,41.4,38.3,28.2,66.5,616,1253,44,410,131,32.0,12.42,3.97,0.1,0.31,17.7,21,4,4,41.4,38.3,0.1,2.6,1.7,13211,16758,78.8,239452,81564,5607,6477,86.6,5980,6973,85.8,1353,2444,55.4,33,28.2,30.1,4.8,289,998,217,59,1253,695,21.06,475,71,48,54,31,16,71,2.15,49,4,5,9,3,1,561,350,235,246,80,252,487,51.7,235,353,102,251,222,783,597,15,LaLiga
7,Betis,32,12,12,8,40,38,2,48,1.5,36.5,43.2,-6.8,-0.21,50.2,19607,1979,6311,8765,4729,746,19606,692,336,48.6,292,42.2,10996,58603,28953,569,424,157,531,353,12683,1212,28.6,39,27,66,38,1,1,77,3,36.5,35.7,27.5,63.1,569,1223,39,417,121,29.0,13.03,3.78,0.09,0.31,17.1,14,1,1,36.5,35.7,0.09,2.5,2.3,12784,15879,80.5,215784,79963,6126,6853,89.4,5006,5832,85.8,1169,2171,53.8,27,27.5,29.5,-0.5,311,869,274,46,1223,738,23.06,533,67,44,54,28,12,67,2.09,49,2,4,6,3,3,566,360,248,247,71,298,574,51.9,276,370,88,282,299,865,703,6,LaLiga
8,Valencia,32,13,8,11,35,34,1,47,1.47,32.8,38.7,-5.9,-0.19,44.4,17215,1915,6029,7674,3703,469,17209,538,232,43.1,245,45.5,9274,47965,23791,429,339,99,494,271,10251,970,24.7,35,24,59,30,5,6,58,4,32.8,28.1,20.9,48.9,429,972,35,301,107,35.5,9.41,3.34,0.1,0.28,18.9,15,5,6,32.8,28.1,0.09,2.2,1.9,10330,13724,75.3,184560,67507,4587,5389,85.1,4390,5207,84.3,1050,2292,45.8,24,20.9,19.8,3.1,217,758,177,61,972,543,16.97,396,55,27,21,34,10,58,1.81,44,2,5,4,3,0,547,322,276,209,62,260,522,49.8,262,320,73,247,272,819,709,7,LaLiga
9,Villarreal,32,11,9,12,51,55,-4,42,1.31,46.5,48.4,-2.0,-0.06,50.0,19105,2405,6728,8191,4358,705,19098,610,292,47.9,281,46.1,10163,56496,28500,536,413,153,488,300,12607,1273,28.7,50,35,85,45,5,7,95,6,46.5,41.0,33.0,73.9,536,1281,50,368,133,36.1,11.5,4.16,0.12,0.34,16.0,8,5,7,46.5,41.0,0.11,3.5,4.0,12755,15583,81.9,230060,85514,5611,6253,89.7,5679,6454,88.0,1264,2175,58.1,35,33.0,34.2,2.0,290,962,269,68,1281,685,21.41,489,68,41,48,28,11,86,2.69,56,8,4,12,5,1,484,293,240,184,60,223,467,47.8,244,335,113,222,267,751,699,12,LaLiga
10,Getafe,32,9,13,10,38,44,-6,40,1.25,37.3,45.5,-8.2,-0.26,43.6,15926,1700,4670,7332,4090,569,15920,462,194,42.0,222,48.1,7645,39646,19624,354,313,100,483,242,8546,910,28.3,38,24,62,32,6,6,118,9,37.3,32.6,21.7,54.3,354,927,38,361,120,33.2,11.28,3.75,0.09,0.27,18.3,9,6,6,37.3,32.6,0.09,0.7,-0.6,8639,12508,69.1,167816,69463,3773,4531,83.3,3256,4288,75.9,1347,2912,46.3,24,21.7,21.7,2.3,257,871,177,88,927,610,19.06,422,72,33,41,32,10,63,1.97,36,8,7,8,4,0,501,297,228,204,69,243,489,49.7,246,295,91,204,270,771,619,6,LaLiga
11,Osasuna,32,11,6,15,37,46,-9,39,1.22,34.8,40.6,-5.8,-0.18,47.8,17909,1769,5234,8068,4760,593,17904,436,193,44.3,204,46.8,8924,45555,21856,415,338,78,470,237,10720,1116,28.6,37,26,63,33,4,5,66,4,34.8,30.9,24.7,55.6,415,1131,37,348,101,29.0,10.87,3.16,0.09,0.33,17.8,11,4,5,34.8,30.9,0.09,2.2,2.1,10850,14664,74.0,204947,81445,4670,5476,85.3,4566,5618,81.3,1399,2768,50.5,26,24.7,27.2,1.3,251,988,219,86,1131,597,18.66,428,70,24,33,35,7,60,1.87,36,8,3,8,5,0,443,270,208,172,63,205,447,45.9,242,340,92,248,216,659,644,13,LaLiga
12,Sevilla,32,9,10,13,41,45,-4,37,1.16,36.5,45.2,-8.7,-0.27,50.2,19057,1810,6059,8458,4722,579,19056,505,232,45.9,221,43.8,10137,53425,27190,505,379,110,494,231,11995,1170,29.5,39,25,64,38,1,1,87,4,36.5,35.7,25.6,61.3,505,1226,39,421,138,32.8,13.16,4.31,0.09,0.28,16.4,14,1,1,36.5,35.7,0.08,2.5,2.3,12200,15573,78.3,222131,81075,5448,6176,88.2,5070,5962,85.0,1396,2624,53.2,25,25.6,27.4,-0.6,298,1031,239,116,1226,728,22.75,533,82,28,32,41,12,63,1.97,46,5,4,3,2,3,577,387,311,197,69,279,522,53.4,243,336,103,233,263,840,629,8,LaLiga
13,Las Palmas,32,10,7,15,30,39,-9,37,1.16,26.8,49.2,-22.4,-0.7,59.8,23166,2304,7768,11065,4498,516,23162,560,268,47.9,244,43.6,13219,60024,30509,487,379,98,548,298,16326,1346,26.3,30,21,51,27,3,4,74,5,26.8,23.7,19.2,42.9,487,1367,30,329,100,30.4,10.28,3.12,0.08,0.27,20.5,17,3,4,26.8,23.7,0.07,3.2,3.3,16463,19636,83.8,257776,95088,8732,9569,91.3,6220,7006,88.8,1008,1972,51.1,21,19.2,23.8,1.8,258,1122,234,47,1367,603,18.84,482,33,31,25,25,7,55,1.72,45,3,1,2,3,1,558,336,273,218,67,262,551,47.5,289,348,87,261,235,793,669,14,LaLiga
14,Alavés,32,9,8,15,28,38,-10,35,1.09,36.4,37.9,-1.6,-0.05,42.5,15569,1878,5284,6555,3912,614,15563,537,272,50.7,212,39.5,7425,41712,22242,480,317,123,481,259,8606,1059,26.4,25,21,46,22,3,6,68,1,36.4,31.6,24.2,55.9,480,1066,25,374,101,27.0,11.69,3.16,0.06,0.22,17.8,14,3,6,36.4,31.6,0.09,-11.4,-9.6,8713,12156,71.7,164474,70266,3840,4545,84.5,3490,4401,79.3,1160,2448,47.4,21,24.2,23.8,-3.2,274,795,218,90,1066,668,20.87,469,64,48,41,34,12,46,1.44,33,2,5,3,3,0,468,286,226,189,53,232,525,44.2,293,303,97,206,228,696,705,5,LaLiga
15,Rayo Vallecano,32,7,13,12,27,39,-12,34,1.06,34.6,38.1,-3.5,-0.11,49.5,18306,1989,6210,8195,4081,546,18300,556,236,42.4,261,46.9,9129,46929,22263,403,301,93,536,314,11032,1106,30.3,27,12,39,21,6,6,95,4,34.6,29.9,19.1,49.0,403,1112,27,378,128,33.9,11.81,4.0,0.06,0.16,20.8,34,6,6,34.6,29.9,0.08,-7.6,-8.9,11129,14684,75.8,203421,79450,4873,5605,86.9,4728,5643,83.8,1253,2630,47.6,12,19.1,20.2,-7.1,243,880,210,69,1112,633,19.78,440,59,24,42,53,15,38,1.19,21,3,3,5,5,1,526,308,234,239,53,225,507,44.4,282,335,82,253,267,793,701,10,LaLiga
16,Mallorca,32,6,13,13,26,38,-12,31,0.97,33.7,39.8,-6.1,-0.19,44.2,16411,1932,5584,7371,3643,569,16408,430,219,50.9,173,40.2,8153,43631,21438,412,313,96,493,252,9277,917,29.3,26,21,47,25,1,3,90,4,33.7,31.5,25.3,56.7,412,932,26,344,107,31.1,10.75,3.34,0.07,0.23,16.6,3,1,3,33.7,31.5,0.09,-7.7,-6.5,9375,12899,72.7,179462,74346,4027,4759,84.6,3814,4759,80.1,1299,2603,49.9,21,25.3,24.8,-4.3,256,776,192,83,932,604,18.87,405,85,32,42,30,10,45,1.41,26,10,1,6,2,0,585,331,297,241,47,295,582,50.7,287,333,119,214,304,889,651,9,LaLiga
17,Celta Vigo,32,7,10,15,37,47,-10,31,0.97,42.2,46.1,-3.9,-0.12,45.0,18123,1935,5810,7968,4544,682,18120,545,259,47.5,237,43.5,10036,51839,26515,562,397,138,509,283,11000,1094,27.5,36,28,64,35,1,3,55,5,42.2,40.0,32.0,72.0,562,1107,36,409,131,32.0,12.78,4.09,0.09,0.27,17.5,14,1,3,42.2,40.0,0.1,-6.2,-5.0,11102,14450,76.8,188984,76407,5395,6194,87.1,4340,5194,83.6,1017,2122,47.9,28,32.0,32.2,-4.0,318,909,233,61,1107,743,23.22,553,62,44,39,37,8,63,1.97,48,2,4,5,4,0,531,325,250,217,64,262,568,46.1,306,374,97,277,259,790,724,6,LaLiga
18,Cádiz,32,4,13,15,22,45,-23,25,0.78,29.2,43.9,-14.6,-0.46,42.7,15802,1910,5341,6933,3683,465,15800,442,186,42.1,213,48.2,7715,42065,20565,372,334,54,493,271,8606,799,29.2,22,15,37,20,2,2,91,6,29.2,27.7,20.9,48.6,372,816,22,325,97,29.8,10.16,3.03,0.06,0.21,18.1,20,2,2,29.2,27.7,0.09,-7.2,-7.7,8689,12272,70.8,166372,71341,3813,4526,84.2,3390,4255,79.7,1223,2709,45.1,15,20.9,21.8,-5.9,236,725,177,95,816,566,17.69,375,73,21,43,40,14,34,1.06,21,4,0,5,3,1,559,326,280,221,58,280,598,46.8,318,377,104,273,253,812,680,10,LaLiga
19,Granada,32,3,9,20,33,61,-28,18,0.56,34.5,51.5,-17.0,-0.53,45.8,17063,2079,6661,7272,3341,553,17056,582,267,45.9,264,45.4,9251,48366,24203,424,333,89,507,248,10138,837,27.5,30,24,54,25,5,7,80,3,34.5,29.1,24.5,53.6,424,849,30,332,109,32.8,10.37,3.41,0.08,0.23,17.8,14,5,7,34.5,29.1,0.09,-4.5,-4.1,10234,13510,75.8,189722,73883,4471,5120,87.3,4300,5131,83.8,1225,2508,48.8,24,24.5,24.9,-0.5,236,675,217,79,849,592,18.5,383,64,44,45,45,11,55,1.72,38,3,3,4,5,2,534,312,285,199,50,241,510,47.3,269,346,94,252,225,759,669,21,LaLiga
20,Almería,32,1,11,20,31,64,-33,14,0.44,40.5,52.7,-12.1,-0.38,46.7,17490,2200,6447,7764,3465,521,17488,561,245,43.7,269,48.0,9361,49886,25362,494,346,110,453,217,10523,911,26.3,31,20,51,29,2,2,79,5,40.5,39.0,30.0,68.9,494,925,31,390,126,32.3,12.19,3.94,0.07,0.23,18.8,15,2,2,40.5,39.0,0.1,-9.5,-10.0,10615,13856,76.6,191751,72131,4591,5294,86.7,4602,5410,85.1,1140,2367,48.2,20,30.0,21.5,-10.0,284,730,178,75,925,665,20.78,478,54,36,41,39,17,52,1.62,33,3,6,5,4,1,525,303,294,179,52,235,486,48.4,251,361,113,248,255,780,703,10,LaLiga
1,Inter,33,27,5,1,79,18,61,86,2.61,69.9,26.7,43.2,1.31,56.2,22285,2185,6930,10070,5442,890,22272,395,173,43.8,177,44.8,13286,64370,33167,629,502,149,414,202,16066,1396,29.9,77,54,131,65,12,13,44,1,69.9,59.8,49.8,109.6,629,1411,77,502,169,33.7,15.21,5.12,0.13,0.38,16.7,15,12,13,69.9,59.8,0.12,7.1,5.2,16193,19109,84.7,281915,94084,7296,8017,91.0,6882,7674,89.7,1573,2431,64.7,54,49.8,45.2,4.2,380,1108,373,104,1411,915,27.73,708,75,21,56,40,15,135,4.09,95,8,7,10,11,4,472,287,211,195,66,199,411,48.4,212,318,95,223,246,718,513,4,SerieA
2,Milan,33,21,6,6,64,39,25,69,2.09,54.9,39.0,15.9,0.48,56.5,21257,2044,6717,10040,4692,781,21250,663,312,47.1,276,41.6,13439,77839,41771,779,552,191,468,253,15071,1336,27.3,64,47,111,59,5,7,77,8,54.9,49.5,38.2,87.7,779,1346,64,464,171,36.9,14.06,5.18,0.13,0.35,16.8,7,5,7,54.9,49.5,0.11,9.1,9.5,15252,17955,84.9,262627,88492,6819,7519,90.7,6851,7560,90.6,1224,2036,60.1,47,38.2,34.6,8.8,361,1039,286,80,1346,843,25.55,615,68,63,58,27,12,117,3.55,86,5,14,8,3,1,505,300,246,199,60,245,469,52.2,224,328,129,199,225,730,474,16,SerieA
3,Juventus,33,18,10,5,47,26,21,64,1.94,48.1,25.2,22.9,0.69,48.6,19299,1896,5729,9042,4689,767,19294,510,225,44.1,229,44.9,10895,59112,30893,602,430,156,488,253,12729,1236,27.3,45,34,79,42,3,5,77,2,48.1,44.1,34.4,78.5,602,1254,45,449,120,26.7,13.61,3.64,0.09,0.35,16.7,17,3,5,48.1,44.1,0.1,-3.1,-2.1,12870,15827,81.3,239717,82133,5231,5914,88.5,5896,6726,87.7,1526,2458,62.1,34,34.4,32.2,-0.4,350,1039,252,91,1254,789,23.91,566,77,38,59,35,14,76,2.3,49,4,3,13,5,2,495,310,230,204,61,228,379,60.2,151,313,101,212,226,721,643,3,SerieA
4,Bologna,33,17,11,5,48,26,22,62,1.88,43.2,32.0,11.3,0.34,58.1,23207,2285,7615,11037,4759,647,23202,598,259,43.3,286,47.8,13866,74827,37280,589,426,137,481,244,16555,1288,26.0,46,29,75,42,4,5,76,1,43.2,39.3,29.3,68.6,589,1299,46,420,144,34.3,12.73,4.36,0.1,0.29,18.0,18,4,5,43.2,39.3,0.1,2.8,2.7,16694,19676,84.8,275492,88413,8199,8972,91.4,6802,7535,90.3,1208,2091,57.8,29,29.3,23.2,-0.3,319,1112,234,49,1299,737,22.33,554,54,50,44,27,8,72,2.18,49,1,8,9,5,0,546,333,260,234,52,263,501,52.5,238,372,97,275,226,772,603,13,SerieA
5,Roma,33,17,7,9,59,39,20,58,1.76,44.7,31.9,12.9,0.39,54.9,20897,2093,6547,10153,4348,679,20887,419,186,44.4,192,45.8,12591,65549,33417,576,441,142,381,233,14762,1269,28.7,58,41,99,49,9,10,90,2,44.7,37.3,30.3,67.5,576,1276,58,392,122,31.1,11.88,3.7,0.13,0.4,17.6,14,9,10,44.7,37.3,0.1,13.3,11.7,14884,17922,83.0,258416,86319,6723,7420,90.6,6569,7444,88.2,1283,2234,57.4,41,30.3,27.3,10.7,301,1048,263,72,1276,723,21.91,518,69,33,52,43,8,102,3.09,63,8,9,13,9,0,490,292,220,204,66,210,457,46.0,247,318,111,207,211,701,524,13,SerieA
6,Atalanta,32,16,6,10,59,37,22,54,1.69,45.4,35.5,9.9,0.31,50.2,20148,1940,6470,8861,4980,749,20145,508,235,46.3,219,43.1,11008,57179,28069,585,403,134,537,315,13153,1428,27.1,59,48,107,56,3,3,69,1,45.4,43.1,34.2,77.3,585,1445,59,434,164,37.8,13.56,5.12,0.13,0.34,15.9,5,3,3,45.4,43.1,0.1,13.6,12.9,13258,16592,79.9,232705,83420,6020,6904,87.2,5710,6586,86.7,1233,2237,55.1,48,34.2,31.3,13.8,346,1013,303,93,1445,780,24.37,585,66,45,45,29,10,107,3.34,87,8,1,6,4,1,533,320,241,213,79,249,512,48.6,263,427,107,320,290,823,528,7,SerieA
7,Lazio,33,16,4,13,42,35,7,52,1.58,40.7,36.0,4.7,0.14,52.9,21633,2005,6518,10551,4767,685,21629,536,238,44.4,241,45.0,11578,63302,33518,644,463,129,443,206,15074,1330,28.9,39,26,65,35,4,4,83,5,40.7,37.6,28.5,66.1,644,1336,39,383,111,29.0,11.61,3.36,0.09,0.32,18.1,12,4,4,40.7,37.6,0.1,-1.7,-2.6,15177,18334,82.8,254380,87957,7348,8124,90.4,6017,6899,87.2,1366,2312,59.1,26,28.5,28.2,-2.5,294,1129,281,58,1336,671,20.33,506,50,30,45,30,10,64,1.94,48,1,2,7,5,1,502,303,222,217,63,247,549,45.0,302,377,109,268,253,755,551,7,SerieA
8,Napoli,33,13,10,10,50,41,9,49,1.48,53.5,33.6,19.9,0.6,61.7,23506,1824,6367,11305,6034,912,23498,641,277,43.2,297,46.3,13923,74685,36714,695,556,167,433,261,17050,1511,28.0,49,33,82,44,5,8,71,5,53.5,47.0,37.9,84.9,695,1523,49,547,171,31.3,16.58,5.18,0.08,0.26,17.6,16,5,8,53.5,47.0,0.09,-4.5,-3.0,17217,20218,85.2,293941,94499,8111,8811,92.1,7058,7937,88.9,1600,2519,63.5,33,37.9,34.6,-4.9,428,1302,350,71,1523,979,29.67,722,72,55,74,44,12,78,2.36,54,2,6,7,7,2,486,275,213,195,78,233,484,48.1,251,294,77,217,202,688,463,4,SerieA
9,Fiorentina,32,13,8,11,45,36,9,47,1.47,41.3,40.6,0.7,0.02,57.2,20038,1749,5594,9227,5396,770,20031,524,235,44.8,229,43.7,12046,64347,30769,534,481,132,454,284,13522,1383,27.8,44,28,72,41,3,7,69,0,41.3,35.7,26.6,62.3,534,1394,44,432,135,31.3,13.5,4.22,0.09,0.3,17.7,9,3,7,41.3,35.7,0.08,2.7,5.3,13686,16901,81.0,260692,86722,5336,6032,88.5,6348,7247,87.6,1737,2837,61.2,28,26.6,31.7,1.4,334,1125,314,87,1394,768,24.0,572,71,28,52,37,8,78,2.44,51,10,5,9,3,0,481,276,208,193,80,235,434,54.1,199,350,74,276,202,683,430,8,SerieA
10,Torino,33,11,13,9,31,29,2,46,1.39,34.1,29.7,4.3,0.13,52.2,19114,1960,5882,8903,4510,620,19112,497,215,43.3,218,43.9,11187,61255,29693,650,425,118,491,224,12489,1183,27.2,30,24,54,28,2,2,69,1,34.1,32.5,27.3,59.8,650,1202,30,388,109,28.1,11.76,3.3,0.07,0.26,17.2,13,2,2,34.1,32.5,0.09,-4.1,-4.5,12665,15903,79.6,223477,78612,5576,6314,88.3,5565,6463,86.1,1168,2278,51.3,24,27.3,26.5,-3.3,304,928,251,91,1202,682,20.67,497,68,31,42,32,12,53,1.61,36,4,4,4,3,2,407,240,171,193,43,162,332,48.8,170,262,86,176,273,680,509,12,SerieA
11,Monza,33,11,10,12,35,43,-8,43,1.3,34.4,48.6,-14.2,-0.43,52.8,20357,2500,7260,9109,4156,624,20353,404,179,44.3,178,44.1,12552,69034,35074,630,485,150,455,228,14258,1054,27.6,34,27,61,31,3,4,79,4,34.4,31.6,24.9,56.5,630,1064,34,394,108,27.4,11.94,3.27,0.08,0.29,17.9,12,3,4,34.4,31.6,0.08,-0.4,-0.6,14403,17129,84.1,265918,83961,5862,6445,91.0,6772,7511,90.2,1528,2472,61.8,27,24.9,24.0,2.1,308,905,219,72,1064,703,21.3,545,57,22,43,25,11,62,1.88,48,3,4,3,4,0,501,292,276,174,51,236,423,55.8,187,341,136,205,254,755,568,5,SerieA
12,Genoa,33,9,12,12,35,40,-5,39,1.18,30.6,35.4,-4.8,-0.15,43.6,17126,2171,6261,7366,3645,506,17121,406,170,41.9,182,44.8,9105,47910,23128,408,314,73,492,251,10178,907,27.5,35,20,55,31,4,5,76,3,30.6,26.8,19.5,46.3,408,921,35,345,103,29.9,10.45,3.12,0.09,0.3,17.4,17,4,5,30.6,26.8,0.08,4.4,4.2,10299,13566,75.9,186735,72888,4409,5125,86.0,4392,5245,83.7,1151,2339,49.2,20,19.5,21.6,0.5,259,741,185,63,921,611,18.52,388,92,26,54,46,5,60,1.82,40,3,5,9,3,0,552,316,280,214,58,256,509,50.3,253,417,141,276,292,844,689,11,SerieA
13,Lecce,33,8,11,14,30,48,-18,35,1.06,38.2,46.8,-8.6,-0.26,44.0,16811,2065,5863,7503,3664,575,16806,567,261,46.0,243,42.9,9166,54181,27874,547,373,134,528,324,9815,985,25.7,28,21,49,25,3,5,81,5,38.2,34.3,27.1,61.5,547,995,28,445,135,30.3,13.48,4.09,0.06,0.19,18.9,8,3,5,38.2,34.3,0.08,-10.2,-9.3,9923,13089,75.8,185374,69536,4025,4733,85.0,4349,5144,84.5,1261,2460,51.3,21,27.1,20.1,-6.1,340,749,180,78,995,778,23.58,523,84,50,62,36,23,46,1.39,28,4,3,3,5,3,520,322,245,215,60,247,483,51.1,236,372,95,277,278,798,669,8,SerieA
14,Cagliari,33,7,11,15,36,56,-20,32,0.97,36.0,45.9,-9.9,-0.3,42.5,16459,1929,5805,7055,3776,575,16454,441,203,46.0,186,42.2,8261,45131,23025,472,309,98,467,294,9469,973,26.9,35,25,60,32,3,5,66,3,36.0,32.3,23.9,56.3,472,984,35,382,108,28.3,11.58,3.27,0.08,0.3,17.8,14,3,5,36.0,32.3,0.09,-1.0,-0.3,9586,13069,73.3,182917,72637,3969,4669,85.0,4150,5121,81.0,1288,2630,49.0,25,23.9,21.7,1.1,283,758,228,107,984,677,20.52,476,71,35,44,35,16,60,1.82,37,5,6,8,2,2,474,280,246,175,53,228,453,50.3,225,328,101,227,237,711,710,11,SerieA
15,Hellas Verona,33,7,10,16,31,44,-13,31,0.94,30.4,43.3,-12.9,-0.39,45.2,16671,1951,5765,7626,3486,498,16665,504,229,45.4,227,45.0,8671,47828,22083,474,335,97,522,252,9387,970,26.5,31,24,55,29,2,6,76,5,30.4,25.6,20.8,46.3,474,982,31,372,124,33.3,11.27,3.76,0.08,0.23,19.1,12,2,6,30.4,25.6,0.07,0.6,3.4,9503,13013,73.0,189493,76302,3631,4420,82.1,4197,5114,82.1,1459,2725,53.5,24,20.8,19.0,3.2,278,838,176,80,982,664,20.12,453,83,35,42,36,15,55,1.67,35,6,4,4,3,3,536,333,270,206,60,258,518,49.8,260,354,120,234,251,787,714,14,SerieA
16,Frosinone,34,7,10,17,43,63,-20,31,0.91,40.6,53.6,-13.0,-0.38,50.2,19799,2385,6818,8756,4396,604,19789,631,265,42.0,310,49.1,10375,54340,26019,481,359,119,520,310,12478,1177,25.0,43,28,71,35,8,10,63,2,40.6,32.8,26.7,59.4,481,1193,43,389,126,32.4,11.44,3.71,0.09,0.28,19.2,16,8,10,40.6,32.8,0.09,2.4,2.2,12607,16053,78.5,207958,79402,6171,6974,88.5,5053,6029,83.8,985,2111,46.7,28,26.7,21.6,1.3,299,857,249,61,1193,681,20.03,488,74,45,30,36,8,73,2.15,45,10,3,3,9,3,499,294,221,213,65,228,480,47.5,252,393,130,263,218,717,709,11,SerieA
17,Empoli,33,8,7,18,26,48,-22,31,0.94,30.9,45.5,-14.7,-0.44,44.1,17205,2204,6380,7278,3726,559,17201,499,197,39.5,241,48.3,9401,50948,24844,467,320,123,467,267,10290,941,26.8,23,17,40,19,4,4,72,0,30.9,27.8,22.1,50.0,467,946,23,359,99,27.6,10.88,3.0,0.05,0.19,18.9,19,4,4,30.9,27.8,0.08,-7.9,-8.8,10365,13599,76.2,188185,72569,4444,5130,86.6,4548,5392,84.3,1116,2327,48.0,17,22.1,21.4,-5.1,260,722,180,67,946,630,19.09,424,76,30,41,47,12,40,1.21,26,3,3,3,5,0,534,324,266,199,69,270,494,54.7,224,401,135,266,226,760,741,8,SerieA
18,Udinese,33,4,16,13,31,50,-19,28,0.85,34.3,45.5,-11.2,-0.34,39.5,15588,2042,5756,6668,3419,536,15585,624,287,46.0,280,44.9,8251,48522,24815,538,369,127,560,287,8693,881,26.6,30,20,50,28,2,3,83,5,34.3,32.4,24.4,56.8,538,890,30,403,119,29.5,12.21,3.61,0.07,0.24,18.7,18,2,3,34.3,32.4,0.08,-4.3,-4.4,8781,11660,75.3,161913,66478,3807,4461,85.3,3665,4474,81.9,1069,2057,52.0,20,24.4,21.2,-4.4,294,748,170,71,890,702,21.27,468,77,43,58,39,17,53,1.61,33,3,6,6,4,1,496,316,286,171,39,245,475,51.6,230,366,103,263,295,791,871,9,SerieA
19,Sassuolo,33,6,8,19,39,65,-26,26,0.79,36.2,53.9,-17.7,-0.54,44.9,17290,2025,5556,7571,4341,634,17283,511,248,48.5,216,42.3,9261,54978,28393,579,409,143,474,297,10653,1157,27.2,38,26,64,32,6,7,61,3,36.2,31.0,24.0,55.0,579,1164,38,414,134,32.4,12.55,4.06,0.08,0.24,19.4,16,6,7,36.2,31.0,0.08,1.8,1.0,10756,13986,76.9,198111,73299,4491,5201,86.3,4768,5619,84.9,1217,2426,50.2,26,24.0,23.2,2.0,313,894,221,51,1164,748,22.67,568,52,40,45,32,11,65,1.97,44,4,1,8,6,2,434,261,198,176,60,214,461,46.4,247,353,123,230,230,664,645,12,SerieA
20,Salernitana,34,2,9,23,26,73,-47,15,0.44,26.5,65.4,-38.9,-1.15,45.0,17885,2132,6002,8109,3949,515,17883,495,198,40.0,246,49.7,9461,50507,23455,455,351,101,490,271,10925,1020,28.2,26,22,48,24,2,2,81,3,26.5,24.9,20.1,45.0,455,1020,26,353,105,29.7,10.38,3.09,0.07,0.23,19.0,8,2,2,26.5,24.9,0.07,-0.5,-0.9,11021,14399,76.5,191239,71131,5135,5855,87.7,4408,5341,82.5,1112,2292,48.5,22,20.1,17.0,1.9,281,802,200,72,1020,619,18.21,464,59,18,40,25,13,45,1.32,34,4,2,3,2,0,462,283,247,169,46,217,438,49.5,221,352,136,216,247,709,705,11,SerieA
1,Paris S-G,30,20,9,1,73,26,47,69,2.3,61.0,35.2,25.8,0.86,64.6,24581,2079,6372,12085,6344,888,24572,740,366,49.5,329,44.5,19841,102401,49981,766,653,268,433,261,18680,1702,25.5,70,53,123,63,7,9,45,3,61.0,53.8,44.7,98.5,766,1715,70,441,169,38.3,14.7,5.63,0.14,0.37,17.2,14,7,9,61.0,53.8,0.12,9.0,9.2,18850,21346,88.3,321972,93818,8244,9045,91.1,8711,9421,92.5,1349,1936,69.7,53,44.7,42.1,8.3,370,1532,325,46,1715,826,27.53,646,39,66,30,34,11,130,4.33,102,3,10,5,10,0,519,319,227,191,101,252,545,46.2,293,314,101,213,241,760,457,17,Ligue1
2,Monaco,30,17,7,6,56,38,18,58,1.93,46.0,37.8,8.2,0.27,53.1,19470,1747,5112,9541,5037,781,19466,526,272,51.7,223,42.4,14127,76900,33147,520,516,155,499,282,12771,1486,25.8,54,36,90,53,1,4,71,8,46.0,42.7,31.5,74.2,520,1496,54,448,176,39.3,14.93,5.87,0.12,0.3,17.3,10,1,4,46.0,42.7,0.1,8.0,10.3,12879,16021,80.4,227366,84092,5501,6387,86.1,5694,6631,85.9,1254,2172,57.7,36,31.5,36.5,4.5,324,1207,321,37,1496,771,25.7,567,67,32,53,29,23,84,2.8,64,3,4,9,2,2,582,365,225,273,84,280,600,46.7,320,381,72,309,344,926,527,14,Ligue1
3,Brest,30,15,8,7,44,29,15,53,1.77,42.8,33.5,9.3,0.31,53.1,19047,1901,5925,8829,4541,642,19043,629,305,48.5,283,45.0,13293,77667,34289,519,462,96,503,235,12138,1191,27.7,43,28,71,39,4,4,76,5,42.8,39.7,30.1,69.7,519,1205,43,434,147,33.9,14.47,4.9,0.09,0.27,17.8,11,4,4,42.8,39.7,0.09,0.2,-0.7,12251,15464,79.2,237877,83931,4716,5524,85.4,5340,6194,86.2,1806,2969,60.8,28,30.1,31.2,-2.1,319,992,239,89,1205,752,25.07,534,63,40,56,39,20,72,2.4,49,6,3,9,4,1,607,377,267,266,74,274,641,42.7,367,338,81,257,290,897,570,11,Ligue1
4,Lille,30,14,10,6,43,26,17,52,1.73,44.3,31.3,12.9,0.43,56.2,20009,1784,5841,10124,4232,655,20006,615,305,49.6,264,42.9,15093,83258,38882,592,479,168,424,274,14024,1270,25.9,41,25,66,39,2,3,57,2,44.3,41.8,31.2,73.1,592,1283,41,394,150,38.1,13.13,5.0,0.1,0.26,17.5,19,2,3,44.3,41.8,0.11,-3.3,-2.8,14181,16882,84.0,242424,78858,6380,7148,89.3,6150,6913,89.0,1168,1967,59.4,25,31.2,33.2,-6.2,292,996,247,45,1283,690,23.0,471,60,55,43,45,16,66,2.2,39,5,7,9,5,1,526,338,235,216,75,242,503,48.1,261,289,74,215,260,786,509,9,Ligue1
5,Nice,30,13,9,8,33,24,9,48,1.6,44.3,32.3,12.1,0.4,53.0,19629,1967,6447,9486,3938,669,19623,668,333,49.9,299,44.8,14800,83620,39318,596,559,137,505,305,13628,1111,26.6,32,17,49,27,5,6,53,3,44.3,39.6,30.7,70.3,596,1129,32,410,132,32.2,13.67,4.4,0.07,0.2,17.2,12,5,6,44.3,39.6,0.1,-12.3,-12.6,13771,16345,84.3,224845,76443,6741,7453,90.4,5641,6367,88.6,919,1701,54.0,17,30.7,27.1,-13.7,293,818,232,67,1129,719,23.97,521,57,46,45,34,16,56,1.87,39,3,4,3,6,1,485,278,220,195,70,250,442,56.6,192,359,103,256,252,737,459,8,Ligue1
6,Lens,30,13,7,10,39,32,7,46,1.53,45.0,41.7,3.2,0.11,52.9,19085,1697,5073,9124,5074,699,19078,418,192,45.9,192,45.9,13996,79015,36254,545,546,97,475,275,12837,1416,27.3,39,24,63,33,6,7,72,4,45.0,39.7,30.0,69.7,545,1427,39,415,140,33.7,13.83,4.67,0.08,0.24,16.9,13,6,7,45.0,39.7,0.1,-6.0,-6.7,12973,15958,81.3,220149,80692,5870,6719,87.4,5464,6316,86.5,1112,1943,57.2,24,30.0,35.4,-6.0,314,1162,297,83,1427,729,24.3,554,62,30,42,30,11,65,2.17,46,5,3,7,4,0,468,286,178,227,63,248,505,49.1,257,351,96,255,261,729,468,14,Ligue1
7,Rennes,30,11,9,10,44,36,8,42,1.4,44.9,36.7,8.3,0.28,51.4,18616,1911,5656,8522,4644,670,18606,602,305,50.7,249,41.4,13608,80495,38757,534,549,126,448,282,12468,1385,26.0,44,23,67,35,9,10,56,4,44.9,37.1,27.0,64.2,534,1397,44,404,131,32.4,13.47,4.37,0.09,0.27,17.9,14,9,10,44.9,37.1,0.09,-0.9,-2.1,12601,15341,82.1,232874,79912,4855,5596,86.8,5974,6789,88.0,1380,2207,62.5,23,27.0,30.3,-4.0,303,1063,266,55,1397,738,24.6,519,59,52,52,39,17,77,2.57,47,1,7,11,9,2,452,268,222,160,70,243,466,52.1,223,332,101,231,293,745,556,10,Ligue1
8,Marseille,30,10,11,9,45,37,8,41,1.37,47.4,29.8,17.6,0.59,53.5,19185,1656,5350,9073,4935,706,19182,487,236,48.5,212,43.5,14039,80368,37284,568,534,144,430,266,12901,1423,28.0,43,27,70,40,3,3,55,5,47.4,45.1,35.4,80.5,568,1427,43,410,133,32.4,13.67,4.43,0.1,0.3,17.0,18,3,3,47.4,45.1,0.11,-4.4,-5.1,13038,15916,81.9,228553,77327,5533,6259,88.4,5947,6811,87.3,1127,2033,55.4,27,35.4,34.4,-8.4,299,1135,275,69,1427,730,24.33,540,52,45,44,43,6,75,2.5,55,3,2,11,4,0,540,333,243,237,60,260,521,49.9,261,322,89,233,297,837,575,4,Ligue1
9,Lyon,30,12,5,13,39,49,-10,41,1.37,41.9,47.6,-5.7,-0.19,51.6,19052,1914,5877,8583,4805,767,19049,675,339,50.2,290,43.0,14069,79882,37558,600,496,177,460,313,12881,1382,27.5,38,23,61,35,3,3,52,6,41.9,39.8,30.1,69.8,600,1402,38,393,150,38.2,13.1,5.0,0.09,0.23,16.8,16,3,3,41.9,39.8,0.11,-3.9,-4.8,13028,15825,82.3,226050,79958,5763,6576,87.6,5582,6338,88.1,1215,2052,59.2,23,30.1,35.3,-7.1,295,1022,285,60,1402,678,22.6,466,59,49,59,34,11,64,2.13,39,3,6,12,4,0,476,291,211,182,83,217,513,42.3,296,311,108,203,267,743,477,11,Ligue1
10,Reims,30,11,7,12,37,41,-4,40,1.33,40.4,39.0,1.5,0.05,51.7,18297,1937,5724,8487,4315,639,18294,588,286,48.6,268,45.6,12916,76444,36070,559,428,133,504,259,11726,1293,26.7,36,27,63,34,2,3,60,2,40.4,38.1,30.4,68.5,559,1306,36,379,116,30.6,12.63,3.87,0.09,0.29,16.9,8,2,3,40.4,38.1,0.1,-4.4,-4.1,11847,14847,79.8,222469,75447,4469,5259,85.0,5663,6456,87.7,1398,2395,58.4,27,30.4,32.8,-3.4,293,1008,224,72,1306,671,22.37,496,50,48,50,19,8,65,2.17,47,3,7,3,3,2,553,341,253,224,76,279,559,49.9,280,350,111,239,296,849,558,9,Ligue1
11,Montpellier,31,9,11,11,39,43,-4,37,1.19,43.6,42.1,1.5,0.05,44.9,16932,2022,5900,7490,3757,627,16925,552,264,47.8,247,44.7,11105,65639,31641,510,434,154,493,259,10083,1081,27.0,37,24,61,30,7,7,63,3,43.6,38.5,29.5,67.9,510,1099,37,407,145,35.6,13.13,4.68,0.07,0.21,18.8,21,7,7,43.6,38.5,0.1,-6.6,-8.5,10191,13342,76.4,190699,75143,4013,4773,84.1,4394,5221,84.2,1373,2541,54.0,24,29.5,25.9,-5.5,285,838,199,57,1099,697,22.48,469,74,40,48,53,13,59,1.9,38,5,6,6,4,0,560,342,322,167,71,283,636,44.5,353,382,145,237,273,833,698,4,Ligue1
12,Toulouse,30,9,10,11,36,39,-3,37,1.23,34.7,42.4,-7.7,-0.26,48.1,17720,1879,5485,8473,3960,640,17711,527,261,49.5,233,44.2,12243,66632,30727,474,406,128,440,226,11309,1214,24.6,36,25,61,30,6,9,70,0,34.7,27.7,22.3,50.1,474,1223,36,340,111,32.6,11.33,3.7,0.09,0.27,17.4,10,6,9,34.7,27.7,0.08,1.3,2.3,11421,14350,79.6,203178,72515,4871,5685,85.7,5159,6023,85.7,1083,1928,56.2,25,22.3,26.3,2.7,256,920,221,52,1223,597,19.9,406,57,34,46,33,21,65,2.17,45,6,1,4,8,1,541,317,261,213,67,259,553,46.8,294,390,138,252,266,807,658,6,Ligue1
13,Strasbourg,30,9,9,12,33,41,-8,36,1.2,37.8,38.2,-0.4,-0.01,43.1,16225,2083,5927,7189,3336,501,16222,566,288,50.9,238,42.0,11222,68379,31238,484,423,94,428,275,10087,965,25.0,31,21,52,28,3,3,53,2,37.8,35.4,29.4,64.8,484,974,31,325,106,32.6,10.83,3.53,0.09,0.26,17.9,11,3,3,37.8,35.4,0.11,-6.8,-7.4,10170,12843,79.2,192139,67312,3795,4446,85.4,4973,5750,86.5,1153,2111,54.6,21,29.4,25.7,-8.4,252,762,196,60,974,566,18.87,398,48,46,27,33,14,54,1.8,27,6,6,7,6,2,556,343,292,211,53,283,522,54.2,239,363,105,258,316,872,615,12,Ligue1
14,Nantes,31,9,5,17,29,49,-20,32,1.03,34.3,49.5,-15.2,-0.49,46.0,17689,2098,5747,8223,3884,592,17684,409,196,47.9,183,44.7,12337,68125,30950,529,403,129,482,230,11368,1155,27.6,29,17,46,25,4,5,59,3,34.3,30.4,22.9,53.2,529,1166,29,352,121,34.4,11.35,3.9,0.07,0.21,17.8,14,4,5,34.3,30.4,0.09,-5.3,-5.4,11457,14391,79.6,205894,76000,4833,5497,87.9,5053,5849,86.4,1189,2299,51.7,17,22.9,26.7,-5.9,258,908,216,73,1166,619,19.97,467,36,32,44,28,12,46,1.48,30,4,1,4,6,1,517,319,270,199,48,266,560,47.5,294,312,97,215,305,822,639,4,Ligue1
15,Metz,30,8,5,17,31,49,-18,29,0.97,30.5,48.3,-17.8,-0.59,36.3,14269,1819,5113,6446,2947,410,14264,596,266,44.6,304,51.0,9048,56945,24477,408,385,82,465,240,7898,812,27.3,31,22,53,28,3,5,47,2,30.5,26.8,20.9,47.7,408,821,31,294,98,33.3,9.8,3.27,0.1,0.29,18.9,10,3,5,30.5,26.8,0.09,0.5,1.2,7965,10765,74.0,160275,62166,2811,3465,81.1,3798,4562,83.3,1187,2262,52.5,22,20.9,13.6,1.1,213,621,139,55,821,514,17.13,335,55,33,39,37,15,53,1.77,35,4,5,5,3,1,495,297,265,166,64,212,454,46.7,242,378,109,269,302,797,744,8,Ligue1
16,Le Havre,30,6,10,14,27,38,-11,28,0.93,32.2,43.6,-11.4,-0.38,45.7,16886,1801,5581,7601,3883,558,16881,529,231,43.7,259,49.0,11598,63399,28558,418,403,107,395,261,10518,1102,26.9,26,18,44,22,4,5,62,6,32.2,28.3,22.6,50.8,418,1112,26,337,96,28.5,11.23,3.2,0.07,0.23,18.2,10,4,5,32.2,28.3,0.09,-6.2,-6.3,10613,13614,78.0,187249,70129,4573,5401,84.7,4608,5391,85.5,1032,2029,50.9,18,22.6,21.9,-4.6,255,876,188,53,1112,613,20.43,423,62,39,34,43,12,49,1.63,28,3,7,4,6,1,478,284,241,181,56,233,495,47.1,262,322,113,209,313,791,586,7,Ligue1
17,Lorient,30,6,8,16,36,59,-23,26,0.87,29.5,47.1,-17.5,-0.58,46.0,17620,2222,6291,7970,3561,473,17620,586,300,51.2,254,43.3,12737,76144,35256,525,447,88,423,253,11571,1054,25.4,34,23,57,34,0,0,56,1,29.5,29.5,22.5,52.0,525,1113,34,297,113,38.0,9.9,3.77,0.11,0.3,16.2,6,0,0,29.5,29.5,0.09,4.5,4.5,11783,14335,82.2,206342,74602,5087,5777,88.1,5142,5843,88.0,1125,1945,57.8,23,22.5,22.9,0.5,219,878,205,42,1113,508,16.93,371,46,27,28,26,10,53,1.77,40,1,2,8,1,1,464,285,259,155,50,221,468,47.2,247,348,117,231,293,757,719,12,Ligue1
18,Clermont Foot,30,4,10,16,21,49,-28,22,0.73,29.8,54.5,-24.7,-0.82,49.0,18235,2131,6125,8869,3410,496,18229,494,213,43.1,248,50.2,12903,75776,34450,471,423,96,445,233,11784,1067,27.6,21,15,36,17,4,6,55,7,29.8,25.1,19.2,44.3,471,1076,21,336,106,31.5,11.2,3.53,0.05,0.16,19.0,10,4,6,29.8,25.1,0.08,-8.8,-8.1,11889,14899,79.8,211547,75106,5175,5917,87.5,5000,5842,85.6,1275,2379,53.6,15,19.2,21.1,-4.2,246,863,175,46,1076,585,19.5,421,56,25,41,35,7,41,1.37,31,3,0,3,4,0,517,323,244,220,53,285,567,50.3,282,339,110,229,307,824,570,14,Ligue1
